campaign_id,campaign_name,artist_name,genre,track_name,albom,track,promo
C_0000,C_0000,Artist_00,Russian Pop / Эстрада / Russian Chanson,Track_00,0.0,1.0,0.0
C_0001,C_0001,Artist_01,Поп/R&B,Track_01,0.0,1.0,0.0
C_0002,C_0002,Artist_02,Russian Pop / Эстрада / Russian Chanson,Track_02,0.0,1.0,0.0
C_0003,C_0003,Artist_03,Хип-хоп / Поп-рэп / Рэп,Track_03,0.0,1.0,0.0
C_0004,C_0004,Artist_04,Хип-хоп / Поп-рэп / Рэп,Track_04,0.0,1.0,0.0
C_0005,C_0005,Artist_05,Dance-pop / EDM / Electropop / Eurodance ,Track_05,0.0,1.0,0.0
C_0006,C_0006,Artist_06,Поп/R&B,Track_06,0.0,1.0,0.0
C_0007,C_0007,Artist_07,Russian Pop / Эстрада / Russian Chanson,Track_07,0.0,1.0,0.0
C_0008,C_0008,Artist_08,Хип-хоп / Поп-рэп / Рэп,Track_08,0.0,1.0,0.0
C_0009,C_0009,Artist_09,Dance-pop / EDM / Electropop / Eurodance ,Track_09,0.0,1.0,0.0
C_0010,C_0010,Artist_10,Russian Pop / Эстрада / Russian Chanson,Track_10,0.0,1.0,0.0
C_0011,C_0011,Artist_11,Хип-хоп / Поп-рэп / Рэп,Track_11,0.0,1.0,0.0
C_0012,C_0012,Artist_12,Поп/R&B,Track_12,0.0,1.0,0.0
C_0013,C_0013,Artist_13,Хип-хоп / Поп-рэп / Рэп,Track_13,0.0,1.0,0.0
C_0014,C_0014,Artist_14,Dance-pop / EDM / Electropop / Eurodance ,Track_14,0.0,1.0,0.0
C_0015,C_0015,Artist_15,Хип-хоп / Поп-рэп / Рэп,Track_15,0.0,1.0,0.0
C_0016,C_0016,Artist_16,Russian Pop / Эстрада / Russian Chanson,Track_16,0.0,1.0,0.0
C_0017,C_0017,Artist_17,Поп/R&B,Track_17,0.0,1.0,0.0
C_0018,C_0018,Artist_18,Dance-pop / EDM / Electropop / Eurodance ,Track_18,0.0,1.0,0.0
C_0019,C_0019,Artist_19,Dance-pop / EDM / Electropop / Eurodance ,Track_19,0.0,1.0,0.0
C_0020,C_0020,Artist_20,Поп/R&B,Track_20,0.0,1.0,0.0
C_0021,C_0021,Artist_21,Russian Pop / Эстрада / Russian Chanson,Track_21,0.0,1.0,0.0
C_0022,C_0022,Artist_22,Russian Pop / Эстрада / Russian Chanson,Track_22,0.0,1.0,0.0
C_0023,C_0023,Artist_23,Хип-хоп / Поп-рэп / Рэп,Track_23,0.0,1.0,0.0
C_0024,C_0024,Artist_24,Поп/R&B,Track_24,0.0,1.0,0.0
C_0025,C_0025,Artist_25,Поп/R&B,Track_25,0.0,1.0,0.0
C_0026,C_0026,Artist_26,Russian Pop / Эстрада / Russian Chanson,Track_26,0.0,1.0,0.0
C_0027,C_0027,Artist_27,Поп/R&B,Track_27,0.0,1.0,0.0
C_0028,C_0028,Artist_28,Поп/R&B,Track_28,1.0,1.0,0.0
C_0029,C_0029,Artist_29,Поп/R&B,Track_29,0.0,1.0,0.0
C_0030,C_0030,Artist_00,Поп/R&B,Track_30,0.0,1.0,0.0
C_0031,C_0031,Artist_01,Хип-хоп / Поп-рэп / Рэп,Track_31,0.0,1.0,0.0
C_0032,C_0032,Artist_02,Russian Pop / Эстрада / Russian Chanson,Track_32,0.0,1.0,0.0
C_0033,C_0033,Artist_03,Dance-pop / EDM / Electropop / Eurodance ,Track_33,0.0,1.0,0.0
C_0034,C_0034,Artist_04,Хип-хоп / Поп-рэп / Рэп,Track_34,0.0,0.0,0.0
C_0035,C_0035,Artist_05,Хип-хоп / Поп-рэп / Рэп,Track_35,0.0,1.0,1.0
C_0036,C_0036,Artist_06,Поп/R&B,Track_36,0.0,1.0,0.0
C_0037,C_0037,Artist_07,Поп/R&B,Track_37,0.0,1.0,0.0
C_0038,C_0038,Artist_08,Russian Pop / Эстрада / Russian Chanson,Track_38,0.0,1.0,1.0
C_0039,C_0039,Artist_09,Поп/R&B,Track_39,0.0,1.0,0.0
C_0040,C_0040,Artist_10,Russian Pop / Эстрада / Russian Chanson,Track_40,0.0,1.0,0.0
C_0041,C_0041,Artist_11,Хип-хоп / Поп-рэп / Рэп,Track_41,0.0,1.0,0.0
C_0042,C_0042,Artist_12,Russian Pop / Эстрада / Russian Chanson,Track_42,0.0,1.0,0.0
C_0043,C_0043,Artist_13,Russian Pop / Эстрада / Russian Chanson,Track_43,0.0,1.0,0.0
C_0044,C_0044,Artist_14,Поп/R&B,Track_44,0.0,1.0,0.0
C_0045,C_0045,Artist_15,Хип-хоп / Поп-рэп / Рэп,Track_45,0.0,1.0,0.0
C_0046,C_0046,Artist_16,Russian Pop / Эстрада / Russian Chanson,Track_46,0.0,1.0,0.0
C_0047,C_0047,Artist_17,Russian Pop / Эстрада / Russian Chanson,Track_47,0.0,1.0,0.0
C_0048,C_0048,Artist_18,Russian Pop / Эстрада / Russian Chanson,Track_48,0.0,1.0,0.0
C_0049,C_0049,Artist_19,Хип-хоп / Поп-рэп / Рэп,Track_49,0.0,1.0,0.0
C_0050,C_0050,Artist_20,Поп/R&B,Track_00,0.0,1.0,0.0
C_0051,C_0051,Artist_21,Russian Pop / Эстрада / Russian Chanson,Track_01,0.0,1.0,0.0
C_0052,C_0052,Artist_22,Russian Pop / Эстрада / Russian Chanson,Track_02,0.0,1.0,0.0
C_0053,C_0053,Artist_23,Поп/R&B,Track_03,0.0,1.0,0.0
C_0054,C_0054,Artist_24,Поп/R&B,Track_04,0.0,1.0,0.0
C_0055,C_0055,Artist_25,Russian Pop / Эстрада / Russian Chanson,Track_05,0.0,1.0,0.0
C_0056,C_0056,Artist_26,Поп/R&B,Track_06,1.0,1.0,0.0
C_0057,C_0057,Artist_27,Хип-хоп / Поп-рэп / Рэп,Track_07,0.0,1.0,0.0
C_0058,C_0058,Artist_28,Russian Pop / Эстрада / Russian Chanson,Track_08,0.0,1.0,0.0
C_0059,C_0059,Artist_29,Поп/R&B,Track_09,0.0,1.0,0.0
C_0060,C_0060,Artist_00,Dance-pop / EDM / Electropop / Eurodance ,Track_10,0.0,1.0,0.0
C_0061,C_0061,Artist_01,Russian Pop / Эстрада / Russian Chanson,Track_11,0.0,1.0,0.0
C_0062,C_0062,Artist_02,Хип-хоп / Поп-рэп / Рэп,Track_12,1.0,1.0,0.0
C_0063,C_0063,Artist_03,Поп/R&B,Track_13,0.0,1.0,0.0
C_0064,C_0064,Artist_04,Поп/R&B,Track_14,0.0,1.0,0.0
C_0065,C_0065,Artist_05,Хип-хоп / Поп-рэп / Рэп,Track_15,0.0,1.0,0.0
C_0066,C_0066,Artist_06,Поп/R&B,Track_16,1.0,1.0,1.0
C_0067,C_0067,Artist_07,Хип-хоп / Поп-рэп / Рэп,Track_17,0.0,1.0,0.0
C_0068,C_0068,Artist_08,Russian Pop / Эстрада / Russian Chanson,Track_18,0.0,1.0,0.0
C_0069,C_0069,Artist_09,Russian Pop / Эстрада / Russian Chanson,Track_19,0.0,1.0,0.0
C_0070,C_0070,Artist_10,Хип-хоп / Поп-рэп / Рэп,Track_20,0.0,1.0,0.0
C_0071,C_0071,Artist_11,Поп/R&B,Track_21,0.0,1.0,0.0
C_0072,C_0072,Artist_12,Хип-хоп / Поп-рэп / Рэп,Track_22,0.0,1.0,0.0
C_0073,C_0073,Artist_13,Russian Pop / Эстрада / Russian Chanson,Track_23,1.0,1.0,0.0
C_0074,C_0074,Artist_14,Russian Pop / Эстрада / Russian Chanson,Track_24,0.0,1.0,0.0
C_0075,C_0075,Artist_15,Хип-хоп / Поп-рэп / Рэп,Track_25,0.0,1.0,0.0
C_0076,C_0076,Artist_16,Хип-хоп / Поп-рэп / Рэп,Track_26,0.0,1.0,0.0
C_0077,C_0077,Artist_17,Dance-pop / EDM / Electropop / Eurodance ,Track_27,0.0,1.0,0.0
C_0078,C_0078,Artist_18,Russian Pop / Эстрада / Russian Chanson,Track_28,0.0,1.0,0.0
C_0079,C_0079,Artist_19,Поп/R&B,Track_29,0.0,1.0,0.0
C_0080,C_0080,Artist_20,Поп/R&B,Track_30,0.0,1.0,0.0
C_0081,C_0081,Artist_21,Поп/R&B,Track_31,0.0,1.0,1.0
C_0082,C_0082,Artist_22,Хип-хоп / Поп-рэп / Рэп,Track_32,0.0,1.0,0.0
C_0083,C_0083,Artist_23,Dance-pop / EDM / Electropop / Eurodance ,Track_33,0.0,1.0,0.0
C_0084,C_0084,Artist_24,Dance-pop / EDM / Electropop / Eurodance ,Track_34,0.0,1.0,0.0
C_0085,C_0085,Artist_25,Поп/R&B,Track_35,0.0,1.0,0.0
C_0086,C_0086,Artist_26,Хип-хоп / Поп-рэп / Рэп,Track_36,0.0,1.0,0.0
C_0087,C_0087,Artist_27,Russian Pop / Эстрада / Russian Chanson,Track_37,0.0,1.0,0.0
C_0088,C_0088,Artist_28,Хип-хоп / Поп-рэп / Рэп,Track_38,0.0,1.0,0.0
C_0089,C_0089,Artist_29,Russian Pop / Эстрада / Russian Chanson,Track_39,0.0,1.0,0.0
C_0090,C_0090,Artist_00,Поп/R&B,Track_40,0.0,0.0,0.0
C_0091,C_0091,Artist_01,Russian Pop / Эстрада / Russian Chanson,Track_41,0.0,1.0,0.0
C_0092,C_0092,Artist_02,Поп/R&B,Track_42,0.0,1.0,0.0
C_0093,C_0093,Artist_03,Dance-pop / EDM / Electropop / Eurodance ,Track_43,0.0,1.0,0.0
C_0094,C_0094,Artist_04,Russian Pop / Эстрада / Russian Chanson,Track_44,0.0,1.0,0.0
C_0095,C_0095,Artist_05,Поп/R&B,Track_45,0.0,1.0,0.0
C_0096,C_0096,Artist_06,Хип-хоп / Поп-рэп / Рэп,Track_46,0.0,1.0,0.0
C_0097,C_0097,Artist_07,Russian Pop / Эстрада / Russian Chanson,Track_47,0.0,1.0,0.0
C_0098,C_0098,Artist_08,Поп/R&B,Track_48,0.0,1.0,0.0
C_0099,C_0099,Artist_09,Dance-pop / EDM / Electropop / Eurodance ,Track_49,0.0,1.0,0.0
C_0100,C_0100,Artist_10,Russian Pop / Эстрада / Russian Chanson,Track_00,0.0,1.0,0.0
C_0101,C_0101,Artist_11,Russian Pop / Эстрада / Russian Chanson,Track_01,0.0,1.0,0.0
C_0102,C_0102,Artist_12,Поп/R&B,Track_02,0.0,1.0,0.0
C_0103,C_0103,Artist_13,Dance-pop / EDM / Electropop / Eurodance ,Track_03,0.0,1.0,0.0
C_0104,C_0104,Artist_14,Поп/R&B,Track_04,0.0,1.0,0.0
C_0105,C_0105,Artist_15,Поп/R&B,Track_05,0.0,1.0,0.0
C_0106,C_0106,Artist_16,Хип-хоп / Поп-рэп / Рэп,Track_06,0.0,1.0,0.0
C_0107,C_0107,Artist_17,Dance-pop / EDM / Electropop / Eurodance ,Track_07,0.0,1.0,1.0
C_0108,C_0108,Artist_18,Russian Pop / Эстрада / Russian Chanson,Track_08,0.0,0.0,0.0
C_0109,C_0109,Artist_19,Russian Pop / Эстрада / Russian Chanson,Track_09,1.0,1.0,0.0
C_0110,C_0110,Artist_20,Russian Pop / Эстрада / Russian Chanson,Track_10,0.0,1.0,0.0
C_0111,C_0111,Artist_21,Хип-хоп / Поп-рэп / Рэп,Track_11,0.0,1.0,0.0
C_0112,C_0112,Artist_22,Dance-pop / EDM / Electropop / Eurodance ,Track_12,0.0,1.0,0.0
C_0113,C_0113,Artist_23,Поп/R&B,Track_13,0.0,1.0,0.0
C_0114,C_0114,Artist_24,Поп/R&B,Track_14,0.0,1.0,0.0
C_0115,C_0115,Artist_25,Хип-хоп / Поп-рэп / Рэп,Track_15,0.0,1.0,0.0
C_0116,C_0116,Artist_26,Russian Pop / Эстрада / Russian Chanson,Track_16,1.0,1.0,0.0
C_0117,C_0117,Artist_27,Хип-хоп / Поп-рэп / Рэп,Track_17,0.0,1.0,0.0
C_0118,C_0118,Artist_28,Хип-хоп / Поп-рэп / Рэп,Track_18,0.0,1.0,0.0
C_0119,C_0119,Artist_29,Поп/R&B,Track_19,1.0,1.0,0.0
C_0120,C_0120,Artist_00,Поп/R&B,Track_20,0.0,1.0,0.0
C_0121,C_0121,Artist_01,Russian Pop / Эстрада / Russian Chanson,Track_21,0.0,1.0,0.0
C_0122,C_0122,Artist_02,Dance-pop / EDM / Electropop / Eurodance ,Track_22,0.0,1.0,0.0
C_0123,C_0123,Artist_03,Хип-хоп / Поп-рэп / Рэп,Track_23,1.0,1.0,0.0
C_0124,C_0124,Artist_04,Russian Pop / Эстрада / Russian Chanson,Track_24,0.0,1.0,0.0
C_0125,C_0125,Artist_05,Russian Pop / Эстрада / Russian Chanson,Track_25,0.0,1.0,1.0
C_0126,C_0126,Artist_06,Хип-хоп / Поп-рэп / Рэп,Track_26,0.0,1.0,0.0
C_0127,C_0127,Artist_07,Поп/R&B,Track_27,0.0,1.0,0.0
C_0128,C_0128,Artist_08,Хип-хоп / Поп-рэп / Рэп,Track_28,1.0,1.0,0.0
C_0129,C_0129,Artist_09,Хип-хоп / Поп-рэп / Рэп,Track_29,0.0,1.0,0.0
C_0130,C_0130,Artist_10,Dance-pop / EDM / Electropop / Eurodance ,Track_30,0.0,1.0,0.0
C_0131,C_0131,Artist_11,Russian Pop / Эстрада / Russian Chanson,Track_31,0.0,1.0,1.0
C_0132,C_0132,Artist_12,Хип-хоп / Поп-рэп / Рэп,Track_32,0.0,1.0,0.0
C_0133,C_0133,Artist_13,Поп/R&B,Track_33,0.0,1.0,0.0
C_0134,C_0134,Artist_14,Dance-pop / EDM / Electropop / Eurodance ,Track_34,0.0,1.0,0.0
C_0135,C_0135,Artist_15,Dance-pop / EDM / Electropop / Eurodance ,Track_35,0.0,1.0,0.0
C_0136,C_0136,Artist_16,Dance-pop / EDM / Electropop / Eurodance ,Track_36,0.0,1.0,0.0
C_0137,C_0137,Artist_17,Russian Pop / Эстрада / Russian Chanson,Track_37,0.0,1.0,0.0
C_0138,C_0138,Artist_18,Dance-pop / EDM / Electropop / Eurodance ,Track_38,0.0,1.0,0.0
C_0139,C_0139,Artist_19,Поп/R&B,Track_39,0.0,1.0,0.0
C_0140,C_0140,Artist_20,Russian Pop / Эстрада / Russian Chanson,Track_40,0.0,1.0,0.0
C_0141,C_0141,Artist_21,Russian Pop / Эстрада / Russian Chanson,Track_41,0.0,1.0,0.0
C_0142,C_0142,Artist_22,Хип-хоп / Поп-рэп / Рэп,Track_42,0.0,1.0,0.0
C_0143,C_0143,Artist_23,Russian Pop / Эстрада / Russian Chanson,Track_43,0.0,1.0,0.0
C_0144,C_0144,Artist_24,Поп/R&B,Track_44,0.0,1.0,0.0
C_0145,C_0145,Artist_25,Хип-хоп / Поп-рэп / Рэп,Track_45,0.0,1.0,0.0
C_0146,C_0146,Artist_26,Russian Pop / Эстрада / Russian Chanson,Track_46,0.0,1.0,0.0
C_0147,C_0147,Artist_27,Поп/R&B,Track_47,0.0,1.0,0.0
C_0148,C_0148,Artist_28,Поп/R&B,Track_48,0.0,1.0,0.0
C_0149,C_0149,Artist_29,Поп/R&B,Track_49,0.0,1.0,1.0
C_0150,C_0150,Artist_00,Хип-хоп / Поп-рэп / Рэп,Track_00,1.0,1.0,0.0
C_0151,C_0151,Artist_01,Поп/R&B,Track_01,0.0,1.0,0.0
C_0152,C_0152,Artist_02,Поп/R&B,Track_02,0.0,1.0,0.0
C_0153,C_0153,Artist_03,Поп/R&B,Track_03,0.0,1.0,0.0
C_0154,C_0154,Artist_04,Dance-pop / EDM / Electropop / Eurodance ,Track_04,0.0,1.0,0.0
C_0155,C_0155,Artist_05,Поп/R&B,Track_05,0.0,1.0,0.0
C_0156,C_0156,Artist_06,Russian Pop / Эстрада / Russian Chanson,Track_06,0.0,1.0,0.0
C_0157,C_0157,Artist_07,Russian Pop / Эстрада / Russian Chanson,Track_07,0.0,1.0,0.0
C_0158,C_0158,Artist_08,Russian Pop / Эстрада / Russian Chanson,Track_08,0.0,1.0,0.0
C_0159,C_0159,Artist_09,Хип-хоп / Поп-рэп / Рэп,Track_09,0.0,1.0,0.0
C_0160,C_0160,Artist_10,Хип-хоп / Поп-рэп / Рэп,Track_10,0.0,1.0,0.0
C_0161,C_0161,Artist_11,Dance-pop / EDM / Electropop / Eurodance ,Track_11,1.0,0.0,0.0
C_0162,C_0162,Artist_12,Поп/R&B,Track_12,0.0,1.0,0.0
C_0163,C_0163,Artist_13,Поп/R&B,Track_13,0.0,1.0,0.0
C_0164,C_0164,Artist_14,Поп/R&B,Track_14,0.0,1.0,0.0
C_0165,C_0165,Artist_15,Russian Pop / Эстрада / Russian Chanson,Track_15,0.0,1.0,0.0
C_0166,C_0166,Artist_16,Russian Pop / Эстрада / Russian Chanson,Track_16,0.0,1.0,0.0
C_0167,C_0167,Artist_17,Хип-хоп / Поп-рэп / Рэп,Track_17,0.0,1.0,0.0
C_0168,C_0168,Artist_18,Russian Pop / Эстрада / Russian Chanson,Track_18,0.0,1.0,0.0
C_0169,C_0169,Artist_19,Поп/R&B,Track_19,0.0,1.0,0.0
C_0170,C_0170,Artist_20,Dance-pop / EDM / Electropop / Eurodance ,Track_20,1.0,1.0,0.0
C_0171,C_0171,Artist_21,Dance-pop / EDM / Electropop / Eurodance ,Track_21,0.0,1.0,0.0
C_0172,C_0172,Artist_22,Поп/R&B,Track_22,1.0,1.0,0.0
C_0173,C_0173,Artist_23,Russian Pop / Эстрада / Russian Chanson,Track_23,0.0,1.0,0.0
C_0174,C_0174,Artist_24,Russian Pop / Эстрада / Russian Chanson,Track_24,0.0,0.0,0.0
C_0175,C_0175,Artist_25,Поп/R&B,Track_25,0.0,1.0,0.0
C_0176,C_0176,Artist_26,Хип-хоп / Поп-рэп / Рэп,Track_26,0.0,1.0,0.0
C_0177,C_0177,Artist_27,Dance-pop / EDM / Electropop / Eurodance ,Track_27,0.0,1.0,1.0
C_0178,C_0178,Artist_28,Russian Pop / Эстрада / Russian Chanson,Track_28,0.0,1.0,1.0
C_0179,C_0179,Artist_29,Поп/R&B,Track_29,0.0,1.0,0.0
C_0180,C_0180,Artist_00,Хип-хоп / Поп-рэп / Рэп,Track_30,0.0,1.0,0.0
C_0181,C_0181,Artist_01,Russian Pop / Эстрада / Russian Chanson,Track_31,0.0,1.0,0.0
C_0182,C_0182,Artist_02,Dance-pop / EDM / Electropop / Eurodance ,Track_32,0.0,1.0,0.0
C_0183,C_0183,Artist_03,Хип-хоп / Поп-рэп / Рэп,Track_33,0.0,1.0,0.0
C_0184,C_0184,Artist_04,Хип-хоп / Поп-рэп / Рэп,Track_34,0.0,1.0,0.0
C_0185,C_0185,Artist_05,Хип-хоп / Поп-рэп / Рэп,Track_35,0.0,1.0,0.0
C_0186,C_0186,Artist_06,Хип-хоп / Поп-рэп / Рэп,Track_36,0.0,1.0,0.0
C_0187,C_0187,Artist_07,Поп/R&B,Track_37,0.0,1.0,0.0
C_0188,C_0188,Artist_08,Хип-хоп / Поп-рэп / Рэп,Track_38,1.0,1.0,0.0
C_0189,C_0189,Artist_09,Поп/R&B,Track_39,0.0,1.0,0.0
C_0190,C_0190,Artist_10,Dance-pop / EDM / Electropop / Eurodance ,Track_40,0.0,1.0,0.0
C_0191,C_0191,Artist_11,Хип-хоп / Поп-рэп / Рэп,Track_41,0.0,1.0,0.0
C_0192,C_0192,Artist_12,Russian Pop / Эстрада / Russian Chanson,Track_42,0.0,1.0,0.0
C_0193,C_0193,Artist_13,Russian Pop / Эстрада / Russian Chanson,Track_43,0.0,1.0,0.0
C_0194,C_0194,Artist_14,Поп/R&B,Track_44,0.0,1.0,0.0
C_0195,C_0195,Artist_15,Поп/R&B,Track_45,0.0,1.0,0.0
C_0196,C_0196,Artist_16,Поп/R&B,Track_46,0.0,0.0,0.0
C_0197,C_0197,Artist_17,Поп/R&B,Track_47,0.0,1.0,0.0
C_0198,C_0198,Artist_18,Хип-хоп / Поп-рэп / Рэп,Track_48,0.0,1.0,0.0
C_0199,C_0199,Artist_19,Russian Pop / Эстрада / Russian Chanson,Track_49,0.0,1.0,0.0
C_0200,C_0200,Artist_20,Dance-pop / EDM / Electropop / Eurodance ,Track_00,0.0,1.0,0.0
C_0201,C_0201,Artist_21,Поп/R&B,Track_01,0.0,1.0,0.0
C_0202,C_0202,Artist_22,Поп/R&B,Track_02,1.0,1.0,0.0
C_0203,C_0203,Artist_23,Russian Pop / Эстрада / Russian Chanson,Track_03,0.0,1.0,0.0
C_0204,C_0204,Artist_24,Хип-хоп / Поп-рэп / Рэп,Track_04,0.0,1.0,0.0
C_0205,C_0205,Artist_25,Dance-pop / EDM / Electropop / Eurodance ,Track_05,1.0,1.0,1.0
C_0206,C_0206,Artist_26,Хип-хоп / Поп-рэп / Рэп,Track_06,0.0,1.0,0.0
C_0207,C_0207,Artist_27,Russian Pop / Эстрада / Russian Chanson,Track_07,0.0,1.0,0.0
C_0208,C_0208,Artist_28,Поп/R&B,Track_08,0.0,1.0,0.0
C_0209,C_0209,Artist_29,Поп/R&B,Track_09,0.0,1.0,0.0
C_0210,C_0210,Artist_00,Russian Pop / Эстрада / Russian Chanson,Track_10,0.0,1.0,0.0
C_0211,C_0211,Artist_01,Хип-хоп / Поп-рэп / Рэп,Track_11,0.0,1.0,0.0
C_0212,C_0212,Artist_02,Хип-хоп / Поп-рэп / Рэп,Track_12,0.0,0.0,0.0
C_0213,C_0213,Artist_03,Поп/R&B,Track_13,0.0,1.0,0.0
C_0214,C_0214,Artist_04,Dance-pop / EDM / Electropop / Eurodance ,Track_14,0.0,1.0,0.0
C_0215,C_0215,Artist_05,Хип-хоп / Поп-рэп / Рэп,Track_15,0.0,1.0,0.0
C_0216,C_0216,Artist_06,Russian Pop / Эстрада / Russian Chanson,Track_16,0.0,0.0,0.0
C_0217,C_0217,Artist_07,Russian Pop / Эстрада / Russian Chanson,Track_17,0.0,1.0,0.0
C_0218,C_0218,Artist_08,Russian Pop / Эстрада / Russian Chanson,Track_18,0.0,1.0,0.0
C_0219,C_0219,Artist_09,Поп/R&B,Track_19,0.0,1.0,0.0
C_0220,C_0220,Artist_10,Dance-pop / EDM / Electropop / Eurodance ,Track_20,0.0,1.0,0.0
C_0221,C_0221,Artist_11,Поп/R&B,Track_21,0.0,1.0,0.0
C_0222,C_0222,Artist_12,Поп/R&B,Track_22,0.0,1.0,0.0
C_0223,C_0223,Artist_13,Russian Pop / Эстрада / Russian Chanson,Track_23,0.0,1.0,0.0
C_0224,C_0224,Artist_14,Russian Pop / Эстрада / Russian Chanson,Track_24,0.0,1.0,0.0
C_0225,C_0225,Artist_15,Dance-pop / EDM / Electropop / Eurodance ,Track_25,0.0,0.0,1.0
C_0226,C_0226,Artist_16,Хип-хоп / Поп-рэп / Рэп,Track_26,0.0,1.0,0.0
C_0227,C_0227,Artist_17,Russian Pop / Эстрада / Russian Chanson,Track_27,0.0,1.0,1.0
C_0228,C_0228,Artist_18,Dance-pop / EDM / Electropop / Eurodance ,Track_28,0.0,1.0,0.0
C_0229,C_0229,Artist_19,Хип-хоп / Поп-рэп / Рэп,Track_29,0.0,0.0,0.0
C_0230,C_0230,Artist_20,Поп/R&B,Track_30,0.0,1.0,0.0
C_0231,C_0231,Artist_21,Dance-pop / EDM / Electropop / Eurodance ,Track_31,0.0,1.0,0.0
C_0232,C_0232,Artist_22,Поп/R&B,Track_32,0.0,1.0,0.0
C_0233,C_0233,Artist_23,Хип-хоп / Поп-рэп / Рэп,Track_33,0.0,1.0,0.0
C_0234,C_0234,Artist_24,Dance-pop / EDM / Electropop / Eurodance ,Track_34,0.0,1.0,0.0
C_0235,C_0235,Artist_25,Поп/R&B,Track_35,0.0,1.0,0.0
C_0236,C_0236,Artist_26,Dance-pop / EDM / Electropop / Eurodance ,Track_36,0.0,1.0,0.0
C_0237,C_0237,Artist_27,Russian Pop / Эстрада / Russian Chanson,Track_37,0.0,1.0,0.0
C_0238,C_0238,Artist_28,Хип-хоп / Поп-рэп / Рэп,Track_38,1.0,1.0,0.0
C_0239,C_0239,Artist_29,Dance-pop / EDM / Electropop / Eurodance ,Track_39,0.0,1.0,0.0
C_0240,C_0240,Artist_00,Dance-pop / EDM / Electropop / Eurodance ,Track_40,0.0,1.0,0.0
C_0241,C_0241,Artist_01,Russian Pop / Эстрада / Russian Chanson,Track_41,0.0,1.0,0.0
C_0242,C_0242,Artist_02,Russian Pop / Эстрада / Russian Chanson,Track_42,0.0,1.0,0.0
C_0243,C_0243,Artist_03,Поп/R&B,Track_43,0.0,1.0,0.0
C_0244,C_0244,Artist_04,Dance-pop / EDM / Electropop / Eurodance ,Track_44,0.0,1.0,0.0
C_0245,C_0245,Artist_05,Russian Pop / Эстрада / Russian Chanson,Track_45,0.0,1.0,0.0
C_0246,C_0246,Artist_06,Russian Pop / Эстрада / Russian Chanson,Track_46,0.0,1.0,0.0
C_0247,C_0247,Artist_07,Russian Pop / Эстрада / Russian Chanson,Track_47,0.0,1.0,0.0
C_0248,C_0248,Artist_08,Russian Pop / Эстрада / Russian Chanson,Track_48,0.0,1.0,0.0
C_0249,C_0249,Artist_09,Поп/R&B,Track_49,0.0,1.0,0.0
C_0250,C_0250,Artist_10,Russian Pop / Эстрада / Russian Chanson,Track_00,1.0,1.0,0.0
C_0251,C_0251,Artist_11,Поп/R&B,Track_01,0.0,1.0,0.0
C_0252,C_0252,Artist_12,Dance-pop / EDM / Electropop / Eurodance ,Track_02,0.0,1.0,0.0
C_0253,C_0253,Artist_13,Хип-хоп / Поп-рэп / Рэп,Track_03,0.0,1.0,0.0
C_0254,C_0254,Artist_14,Russian Pop / Эстрада / Russian Chanson,Track_04,0.0,1.0,0.0
C_0255,C_0255,Artist_15,Поп/R&B,Track_05,0.0,1.0,0.0
C_0256,C_0256,Artist_16,Поп/R&B,Track_06,0.0,1.0,0.0
C_0257,C_0257,Artist_17,Dance-pop / EDM / Electropop / Eurodance ,Track_07,0.0,1.0,0.0
C_0258,C_0258,Artist_18,Поп/R&B,Track_08,0.0,1.0,0.0
C_0259,C_0259,Artist_19,Russian Pop / Эстрада / Russian Chanson,Track_09,0.0,1.0,0.0
C_0260,C_0260,Artist_20,Поп/R&B,Track_10,0.0,1.0,0.0
C_0261,C_0261,Artist_21,Хип-хоп / Поп-рэп / Рэп,Track_11,0.0,1.0,0.0
C_0262,C_0262,Artist_22,Хип-хоп / Поп-рэп / Рэп,Track_12,0.0,1.0,0.0
C_0263,C_0263,Artist_23,Хип-хоп / Поп-рэп / Рэп,Track_13,0.0,1.0,0.0
C_0264,C_0264,Artist_24,Russian Pop / Эстрада / Russian Chanson,Track_14,1.0,1.0,0.0
C_0265,C_0265,Artist_25,Dance-pop / EDM / Electropop / Eurodance ,Track_15,0.0,1.0,0.0
C_0266,C_0266,Artist_26,Dance-pop / EDM / Electropop / Eurodance ,Track_16,0.0,1.0,0.0
C_0267,C_0267,Artist_27,Dance-pop / EDM / Electropop / Eurodance ,Track_17,0.0,1.0,0.0
C_0268,C_0268,Artist_28,Хип-хоп / Поп-рэп / Рэп,Track_18,0.0,1.0,0.0
C_0269,C_0269,Artist_29,Dance-pop / EDM / Electropop / Eurodance ,Track_19,0.0,1.0,0.0
C_0270,C_0270,Artist_00,Хип-хоп / Поп-рэп / Рэп,Track_20,0.0,1.0,0.0
C_0271,C_0271,Artist_01,Поп/R&B,Track_21,0.0,1.0,0.0
C_0272,C_0272,Artist_02,Dance-pop / EDM / Electropop / Eurodance ,Track_22,0.0,1.0,0.0
C_0273,C_0273,Artist_03,Russian Pop / Эстрада / Russian Chanson,Track_23,0.0,1.0,0.0
C_0274,C_0274,Artist_04,Russian Pop / Эстрада / Russian Chanson,Track_24,0.0,1.0,0.0
C_0275,C_0275,Artist_05,Russian Pop / Эстрада / Russian Chanson,Track_25,0.0,1.0,0.0
C_0276,C_0276,Artist_06,Хип-хоп / Поп-рэп / Рэп,Track_26,0.0,1.0,0.0
C_0277,C_0277,Artist_07,Поп/R&B,Track_27,0.0,1.0,0.0
C_0278,C_0278,Artist_08,Поп/R&B,Track_28,0.0,1.0,0.0
C_0279,C_0279,Artist_09,Dance-pop / EDM / Electropop / Eurodance ,Track_29,0.0,1.0,0.0
C_0280,C_0280,Artist_10,Поп/R&B,Track_30,0.0,1.0,0.0
C_0281,C_0281,Artist_11,Хип-хоп / Поп-рэп / Рэп,Track_31,0.0,1.0,0.0
C_0282,C_0282,Artist_12,Dance-pop / EDM / Electropop / Eurodance ,Track_32,0.0,1.0,0.0
C_0283,C_0283,Artist_13,Поп/R&B,Track_33,0.0,1.0,0.0
C_0284,C_0284,Artist_14,Поп/R&B,Track_34,0.0,1.0,0.0
C_0285,C_0285,Artist_15,Поп/R&B,Track_35,0.0,1.0,0.0
C_0286,C_0286,Artist_16,Dance-pop / EDM / Electropop / Eurodance ,Track_36,0.0,1.0,0.0
C_0287,C_0287,Artist_17,Russian Pop / Эстрада / Russian Chanson,Track_37,0.0,0.0,0.0
C_0288,C_0288,Artist_18,Поп/R&B,Track_38,1.0,1.0,0.0
C_0289,C_0289,Artist_19,Russian Pop / Эстрада / Russian Chanson,Track_39,0.0,1.0,0.0
C_0290,C_0290,Artist_20,Dance-pop / EDM / Electropop / Eurodance ,Track_40,0.0,1.0,0.0
C_0291,C_0291,Artist_21,Хип-хоп / Поп-рэп / Рэп,Track_41,0.0,1.0,0.0
C_0292,C_0292,Artist_22,Поп/R&B,Track_42,0.0,1.0,0.0
C_0293,C_0293,Artist_23,Хип-хоп / Поп-рэп / Рэп,Track_43,0.0,1.0,0.0
C_0294,C_0294,Artist_24,Dance-pop / EDM / Electropop / Eurodance ,Track_44,0.0,0.0,0.0
C_0295,C_0295,Artist_25,Russian Pop / Эстрада / Russian Chanson,Track_45,0.0,1.0,0.0
C_0296,C_0296,Artist_26,Поп/R&B,Track_46,0.0,1.0,0.0
C_0297,C_0297,Artist_27,Russian Pop / Эстрада / Russian Chanson,Track_47,0.0,1.0,0.0
C_0298,C_0298,Artist_28,Dance-pop / EDM / Electropop / Eurodance ,Track_48,0.0,1.0,0.0
C_0299,C_0299,Artist_29,Russian Pop / Эстрада / Russian Chanson,Track_49,0.0,1.0,0.0
C_0300,C_0300,Artist_00,Хип-хоп / Поп-рэп / Рэп,Track_00,0.0,1.0,0.0
C_0301,C_0301,Artist_01,Хип-хоп / Поп-рэп / Рэп,Track_01,0.0,1.0,0.0
C_0302,C_0302,Artist_02,Dance-pop / EDM / Electropop / Eurodance ,Track_02,0.0,1.0,0.0
C_0303,C_0303,Artist_03,Russian Pop / Эстрада / Russian Chanson,Track_03,0.0,1.0,0.0
C_0304,C_0304,Artist_04,Dance-pop / EDM / Electropop / Eurodance ,Track_04,0.0,1.0,0.0
C_0305,C_0305,Artist_05,Поп/R&B,Track_05,0.0,1.0,0.0
C_0306,C_0306,Artist_06,Russian Pop / Эстрада / Russian Chanson,Track_06,1.0,1.0,0.0
C_0307,C_0307,Artist_07,Russian Pop / Эстрада / Russian Chanson,Track_07,0.0,1.0,0.0
C_0308,C_0308,Artist_08,Хип-хоп / Поп-рэп / Рэп,Track_08,0.0,1.0,0.0
C_0309,C_0309,Artist_09,Поп/R&B,Track_09,0.0,1.0,0.0
C_0310,C_0310,Artist_10,Хип-хоп / Поп-рэп / Рэп,Track_10,0.0,1.0,0.0
C_0311,C_0311,Artist_11,Dance-pop / EDM / Electropop / Eurodance ,Track_11,1.0,1.0,0.0
C_0312,C_0312,Artist_12,Поп/R&B,Track_12,0.0,1.0,0.0
C_0313,C_0313,Artist_13,Поп/R&B,Track_13,0.0,1.0,0.0
C_0314,C_0314,Artist_14,Хип-хоп / Поп-рэп / Рэп,Track_14,0.0,1.0,0.0
C_0315,C_0315,Artist_15,Dance-pop / EDM / Electropop / Eurodance ,Track_15,0.0,1.0,0.0
C_0316,C_0316,Artist_16,Поп/R&B,Track_16,0.0,1.0,0.0
C_0317,C_0317,Artist_17,Поп/R&B,Track_17,0.0,1.0,0.0
C_0318,C_0318,Artist_18,Поп/R&B,Track_18,0.0,1.0,0.0
C_0319,C_0319,Artist_19,Хип-хоп / Поп-рэп / Рэп,Track_19,0.0,1.0,0.0
C_0320,C_0320,Artist_20,Поп/R&B,Track_20,0.0,1.0,0.0
C_0321,C_0321,Artist_21,Поп/R&B,Track_21,0.0,1.0,0.0
C_0322,C_0322,Artist_22,Russian Pop / Эстрада / Russian Chanson,Track_22,0.0,1.0,0.0
C_0323,C_0323,Artist_23,Russian Pop / Эстрада / Russian Chanson,Track_23,0.0,1.0,0.0
C_0324,C_0324,Artist_24,Хип-хоп / Поп-рэп / Рэп,Track_24,0.0,1.0,1.0
C_0325,C_0325,Artist_25,Поп/R&B,Track_25,0.0,1.0,0.0
C_0326,C_0326,Artist_26,Хип-хоп / Поп-рэп / Рэп,Track_26,0.0,0.0,0.0
C_0327,C_0327,Artist_27,Dance-pop / EDM / Electropop / Eurodance ,Track_27,0.0,1.0,0.0
C_0328,C_0328,Artist_28,Поп/R&B,Track_28,0.0,0.0,0.0
C_0329,C_0329,Artist_29,Поп/R&B,Track_29,0.0,1.0,0.0
C_0330,C_0330,Artist_00,Russian Pop / Эстрада / Russian Chanson,Track_30,0.0,1.0,0.0
C_0331,C_0331,Artist_01,Russian Pop / Эстрада / Russian Chanson,Track_31,0.0,1.0,0.0
C_0332,C_0332,Artist_02,Хип-хоп / Поп-рэп / Рэп,Track_32,0.0,1.0,0.0
C_0333,C_0333,Artist_03,Хип-хоп / Поп-рэп / Рэп,Track_33,0.0,1.0,0.0
C_0334,C_0334,Artist_04,Dance-pop / EDM / Electropop / Eurodance ,Track_34,0.0,1.0,1.0
C_0335,C_0335,Artist_05,Поп/R&B,Track_35,0.0,1.0,0.0
C_0336,C_0336,Artist_06,Поп/R&B,Track_36,0.0,1.0,0.0
C_0337,C_0337,Artist_07,Russian Pop / Эстрада / Russian Chanson,Track_37,0.0,1.0,1.0
C_0338,C_0338,Artist_08,Поп/R&B,Track_38,0.0,1.0,0.0
C_0339,C_0339,Artist_09,Russian Pop / Эстрада / Russian Chanson,Track_39,0.0,1.0,0.0
C_0340,C_0340,Artist_10,Russian Pop / Эстрада / Russian Chanson,Track_40,0.0,1.0,0.0
C_0341,C_0341,Artist_11,Поп/R&B,Track_41,0.0,1.0,0.0
C_0342,C_0342,Artist_12,Поп/R&B,Track_42,0.0,1.0,0.0
C_0343,C_0343,Artist_13,Хип-хоп / Поп-рэп / Рэп,Track_43,0.0,1.0,0.0
C_0344,C_0344,Artist_14,Поп/R&B,Track_44,0.0,1.0,0.0
C_0345,C_0345,Artist_15,Russian Pop / Эстрада / Russian Chanson,Track_45,1.0,1.0,0.0
C_0346,C_0346,Artist_16,Dance-pop / EDM / Electropop / Eurodance ,Track_46,0.0,1.0,0.0
C_0347,C_0347,Artist_17,Russian Pop / Эстрада / Russian Chanson,Track_47,0.0,1.0,0.0
C_0348,C_0348,Artist_18,Поп/R&B,Track_48,0.0,1.0,0.0
C_0349,C_0349,Artist_19,Dance-pop / EDM / Electropop / Eurodance ,Track_49,0.0,1.0,0.0
C_0350,C_0350,Artist_20,Поп/R&B,Track_00,0.0,1.0,0.0
C_0351,C_0351,Artist_21,Хип-хоп / Поп-рэп / Рэп,Track_01,0.0,1.0,0.0
C_0352,C_0352,Artist_22,Поп/R&B,Track_02,0.0,1.0,0.0
C_0353,C_0353,Artist_23,Поп/R&B,Track_03,0.0,1.0,0.0
C_0354,C_0354,Artist_24,Russian Pop / Эстрада / Russian Chanson,Track_04,0.0,1.0,0.0
C_0355,C_0355,Artist_25,Хип-хоп / Поп-рэп / Рэп,Track_05,0.0,1.0,0.0
C_0356,C_0356,Artist_26,Russian Pop / Эстрада / Russian Chanson,Track_06,0.0,1.0,0.0
C_0357,C_0357,Artist_27,Поп/R&B,Track_07,0.0,1.0,0.0
C_0358,C_0358,Artist_28,Dance-pop / EDM / Electropop / Eurodance ,Track_08,0.0,1.0,0.0
C_0359,C_0359,Artist_29,Dance-pop / EDM / Electropop / Eurodance ,Track_09,0.0,1.0,0.0
C_0360,C_0360,Artist_00,Поп/R&B,Track_10,0.0,1.0,0.0
C_0361,C_0361,Artist_01,Russian Pop / Эстрада / Russian Chanson,Track_11,0.0,1.0,0.0
C_0362,C_0362,Artist_02,Russian Pop / Эстрада / Russian Chanson,Track_12,0.0,1.0,0.0
C_0363,C_0363,Artist_03,Поп/R&B,Track_13,0.0,1.0,0.0
C_0364,C_0364,Artist_04,Russian Pop / Эстрада / Russian Chanson,Track_14,0.0,1.0,0.0
C_0365,C_0365,Artist_05,Хип-хоп / Поп-рэп / Рэп,Track_15,0.0,1.0,0.0
C_0366,C_0366,Artist_06,Russian Pop / Эстрада / Russian Chanson,Track_16,0.0,1.0,0.0
C_0367,C_0367,Artist_07,Dance-pop / EDM / Electropop / Eurodance ,Track_17,0.0,1.0,0.0
C_0368,C_0368,Artist_08,Поп/R&B,Track_18,0.0,1.0,0.0
C_0369,C_0369,Artist_09,Dance-pop / EDM / Electropop / Eurodance ,Track_19,1.0,1.0,0.0
C_0370,C_0370,Artist_10,Dance-pop / EDM / Electropop / Eurodance ,Track_20,0.0,1.0,0.0
C_0371,C_0371,Artist_11,Russian Pop / Эстрада / Russian Chanson,Track_21,0.0,0.0,0.0
C_0372,C_0372,Artist_12,Хип-хоп / Поп-рэп / Рэп,Track_22,0.0,1.0,0.0
C_0373,C_0373,Artist_13,Russian Pop / Эстрада / Russian Chanson,Track_23,0.0,1.0,0.0
C_0374,C_0374,Artist_14,Russian Pop / Эстрада / Russian Chanson,Track_24,0.0,1.0,0.0
C_0375,C_0375,Artist_15,Поп/R&B,Track_25,0.0,1.0,0.0
C_0376,C_0376,Artist_16,Поп/R&B,Track_26,0.0,0.0,0.0
C_0377,C_0377,Artist_17,Поп/R&B,Track_27,0.0,1.0,0.0
C_0378,C_0378,Artist_18,Dance-pop / EDM / Electropop / Eurodance ,Track_28,0.0,1.0,0.0
C_0379,C_0379,Artist_19,Russian Pop / Эстрада / Russian Chanson,Track_29,0.0,1.0,0.0
C_0380,C_0380,Artist_20,Поп/R&B,Track_30,0.0,1.0,0.0
C_0381,C_0381,Artist_21,Поп/R&B,Track_31,0.0,1.0,0.0
C_0382,C_0382,Artist_22,Russian Pop / Эстрада / Russian Chanson,Track_32,0.0,1.0,0.0
C_0383,C_0383,Artist_23,Хип-хоп / Поп-рэп / Рэп,Track_33,0.0,1.0,0.0
C_0384,C_0384,Artist_24,Dance-pop / EDM / Electropop / Eurodance ,Track_34,0.0,1.0,0.0
C_0385,C_0385,Artist_25,Поп/R&B,Track_35,0.0,1.0,0.0
C_0386,C_0386,Artist_26,Dance-pop / EDM / Electropop / Eurodance ,Track_36,0.0,1.0,0.0
C_0387,C_0387,Artist_27,Поп/R&B,Track_37,0.0,1.0,0.0
C_0388,C_0388,Artist_28,Поп/R&B,Track_38,0.0,1.0,0.0
C_0389,C_0389,Artist_29,Russian Pop / Эстрада / Russian Chanson,Track_39,0.0,1.0,0.0
C_0390,C_0390,Artist_00,Russian Pop / Эстрада / Russian Chanson,Track_40,0.0,1.0,0.0
C_0391,C_0391,Artist_01,Поп/R&B,Track_41,0.0,1.0,0.0
C_0392,C_0392,Artist_02,Dance-pop / EDM / Electropop / Eurodance ,Track_42,0.0,1.0,0.0
C_0393,C_0393,Artist_03,Хип-хоп / Поп-рэп / Рэп,Track_43,0.0,1.0,0.0
C_0394,C_0394,Artist_04,Поп/R&B,Track_44,0.0,1.0,0.0
C_0395,C_0395,Artist_05,Поп/R&B,Track_45,0.0,1.0,0.0
C_0396,C_0396,Artist_06,Russian Pop / Эстрада / Russian Chanson,Track_46,0.0,1.0,0.0
C_0397,C_0397,Artist_07,Dance-pop / EDM / Electropop / Eurodance ,Track_47,0.0,1.0,0.0
C_0398,C_0398,Artist_08,Хип-хоп / Поп-рэп / Рэп,Track_48,0.0,1.0,0.0
C_0399,C_0399,Artist_09,Dance-pop / EDM / Electropop / Eurodance ,Track_49,0.0,1.0,0.0
C_0400,C_0400,Artist_10,Russian Pop / Эстрада / Russian Chanson,Track_00,0.0,1.0,0.0
C_0401,C_0401,Artist_11,Russian Pop / Эстрада / Russian Chanson,Track_01,0.0,1.0,0.0
C_0402,C_0402,Artist_12,Russian Pop / Эстрада / Russian Chanson,Track_02,0.0,1.0,0.0
C_0403,C_0403,Artist_13,Russian Pop / Эстрада / Russian Chanson,Track_03,0.0,1.0,0.0
C_0404,C_0404,Artist_14,Russian Pop / Эстрада / Russian Chanson,Track_04,0.0,1.0,0.0
C_0405,C_0405,Artist_15,Russian Pop / Эстрада / Russian Chanson,Track_05,0.0,1.0,0.0
C_0406,C_0406,Artist_16,Хип-хоп / Поп-рэп / Рэп,Track_06,0.0,1.0,1.0
C_0407,C_0407,Artist_17,Хип-хоп / Поп-рэп / Рэп,Track_07,0.0,1.0,0.0
C_0408,C_0408,Artist_18,Поп/R&B,Track_08,0.0,1.0,0.0
C_0409,C_0409,Artist_19,Russian Pop / Эстрада / Russian Chanson,Track_09,0.0,1.0,0.0
C_0410,C_0410,Artist_20,Russian Pop / Эстрада / Russian Chanson,Track_10,0.0,1.0,0.0
C_0411,C_0411,Artist_21,Поп/R&B,Track_11,0.0,1.0,0.0
C_0412,C_0412,Artist_22,Dance-pop / EDM / Electropop / Eurodance ,Track_12,0.0,1.0,0.0
C_0413,C_0413,Artist_23,Russian Pop / Эстрада / Russian Chanson,Track_13,0.0,1.0,0.0
C_0414,C_0414,Artist_24,Russian Pop / Эстрада / Russian Chanson,Track_14,1.0,1.0,0.0
C_0415,C_0415,Artist_25,Поп/R&B,Track_15,0.0,1.0,0.0
C_0416,C_0416,Artist_26,Russian Pop / Эстрада / Russian Chanson,Track_16,0.0,1.0,0.0
C_0417,C_0417,Artist_27,Russian Pop / Эстрада / Russian Chanson,Track_17,0.0,1.0,0.0
C_0418,C_0418,Artist_28,Поп/R&B,Track_18,1.0,1.0,0.0
C_0419,C_0419,Artist_29,Поп/R&B,Track_19,0.0,1.0,0.0
C_0420,C_0420,Artist_00,Russian Pop / Эстрада / Russian Chanson,Track_20,0.0,0.0,0.0
C_0421,C_0421,Artist_01,Russian Pop / Эстрада / Russian Chanson,Track_21,0.0,1.0,0.0
C_0422,C_0422,Artist_02,Поп/R&B,Track_22,0.0,1.0,0.0
C_0423,C_0423,Artist_03,Хип-хоп / Поп-рэп / Рэп,Track_23,0.0,1.0,0.0
C_0424,C_0424,Artist_04,Хип-хоп / Поп-рэп / Рэп,Track_24,0.0,0.0,1.0
C_0425,C_0425,Artist_05,Russian Pop / Эстрада / Russian Chanson,Track_25,0.0,1.0,0.0
C_0426,C_0426,Artist_06,Поп/R&B,Track_26,0.0,1.0,0.0
C_0427,C_0427,Artist_07,Russian Pop / Эстрада / Russian Chanson,Track_27,0.0,1.0,1.0
C_0428,C_0428,Artist_08,Поп/R&B,Track_28,0.0,1.0,0.0
C_0429,C_0429,Artist_09,Dance-pop / EDM / Electropop / Eurodance ,Track_29,0.0,0.0,0.0
C_0430,C_0430,Artist_10,Поп/R&B,Track_30,0.0,1.0,0.0
C_0431,C_0431,Artist_11,Russian Pop / Эстрада / Russian Chanson,Track_31,1.0,1.0,0.0
C_0432,C_0432,Artist_12,Russian Pop / Эстрада / Russian Chanson,Track_32,0.0,1.0,0.0
C_0433,C_0433,Artist_13,Поп/R&B,Track_33,0.0,1.0,0.0
C_0434,C_0434,Artist_14,Хип-хоп / Поп-рэп / Рэп,Track_34,0.0,1.0,0.0
C_0435,C_0435,Artist_15,Поп/R&B,Track_35,0.0,1.0,0.0
C_0436,C_0436,Artist_16,Хип-хоп / Поп-рэп / Рэп,Track_36,0.0,1.0,0.0
C_0437,C_0437,Artist_17,Хип-хоп / Поп-рэп / Рэп,Track_37,0.0,0.0,0.0
C_0438,C_0438,Artist_18,Поп/R&B,Track_38,0.0,1.0,0.0
C_0439,C_0439,Artist_19,Поп/R&B,Track_39,0.0,1.0,0.0
C_0440,C_0440,Artist_20,Хип-хоп / Поп-рэп / Рэп,Track_40,0.0,1.0,0.0
C_0441,C_0441,Artist_21,Поп/R&B,Track_41,0.0,1.0,0.0
C_0442,C_0442,Artist_22,Russian Pop / Эстрада / Russian Chanson,Track_42,0.0,1.0,0.0
C_0443,C_0443,Artist_23,Хип-хоп / Поп-рэп / Рэп,Track_43,0.0,1.0,0.0
C_0444,C_0444,Artist_24,Хип-хоп / Поп-рэп / Рэп,Track_44,0.0,1.0,0.0
C_0445,C_0445,Artist_25,Dance-pop / EDM / Electropop / Eurodance ,Track_45,0.0,1.0,0.0
C_0446,C_0446,Artist_26,Russian Pop / Эстрада / Russian Chanson,Track_46,0.0,1.0,0.0
C_0447,C_0447,Artist_27,Поп/R&B,Track_47,0.0,1.0,0.0
C_0448,C_0448,Artist_28,Russian Pop / Эстрада / Russian Chanson,Track_48,0.0,1.0,0.0
C_0449,C_0449,Artist_29,Russian Pop / Эстрада / Russian Chanson,Track_49,0.0,1.0,0.0
C_0450,C_0450,Artist_00,Поп/R&B,Track_00,0.0,0.0,0.0
C_0451,C_0451,Artist_01,Russian Pop / Эстрада / Russian Chanson,Track_01,0.0,1.0,0.0
C_0452,C_0452,Artist_02,Russian Pop / Эстрада / Russian Chanson,Track_02,0.0,1.0,0.0
C_0453,C_0453,Artist_03,Хип-хоп / Поп-рэп / Рэп,Track_03,0.0,1.0,0.0
C_0454,C_0454,Artist_04,Хип-хоп / Поп-рэп / Рэп,Track_04,0.0,1.0,0.0
C_0455,C_0455,Artist_05,Russian Pop / Эстрада / Russian Chanson,Track_05,0.0,1.0,0.0
C_0456,C_0456,Artist_06,Russian Pop / Эстрада / Russian Chanson,Track_06,0.0,0.0,0.0
C_0457,C_0457,Artist_07,Поп/R&B,Track_07,0.0,1.0,0.0
C_0458,C_0458,Artist_08,Russian Pop / Эстрада / Russian Chanson,Track_08,0.0,1.0,0.0
C_0459,C_0459,Artist_09,Поп/R&B,Track_09,0.0,1.0,0.0
C_0460,C_0460,Artist_10,Dance-pop / EDM / Electropop / Eurodance ,Track_10,0.0,1.0,0.0
C_0461,C_0461,Artist_11,Хип-хоп / Поп-рэп / Рэп,Track_11,0.0,1.0,0.0
C_0462,C_0462,Artist_12,Dance-pop / EDM / Electropop / Eurodance ,Track_12,0.0,1.0,0.0
C_0463,C_0463,Artist_13,Dance-pop / EDM / Electropop / Eurodance ,Track_13,0.0,1.0,0.0
C_0464,C_0464,Artist_14,Хип-хоп / Поп-рэп / Рэп,Track_14,0.0,1.0,0.0
C_0465,C_0465,Artist_15,Russian Pop / Эстрада / Russian Chanson,Track_15,0.0,1.0,0.0
C_0466,C_0466,Artist_16,Поп/R&B,Track_16,0.0,1.0,0.0
C_0467,C_0467,Artist_17,Russian Pop / Эстрада / Russian Chanson,Track_17,0.0,1.0,0.0
C_0468,C_0468,Artist_18,Поп/R&B,Track_18,1.0,1.0,0.0
C_0469,C_0469,Artist_19,Поп/R&B,Track_19,0.0,1.0,0.0
C_0470,C_0470,Artist_20,Поп/R&B,Track_20,0.0,1.0,0.0
C_0471,C_0471,Artist_21,Хип-хоп / Поп-рэп / Рэп,Track_21,0.0,1.0,0.0
C_0472,C_0472,Artist_22,Поп/R&B,Track_22,0.0,1.0,0.0
C_0473,C_0473,Artist_23,Russian Pop / Эстрада / Russian Chanson,Track_23,0.0,1.0,0.0
C_0474,C_0474,Artist_24,Поп/R&B,Track_24,0.0,1.0,0.0
C_0475,C_0475,Artist_25,Поп/R&B,Track_25,0.0,1.0,0.0
C_0476,C_0476,Artist_26,Russian Pop / Эстрада / Russian Chanson,Track_26,0.0,1.0,0.0
C_0477,C_0477,Artist_27,Dance-pop / EDM / Electropop / Eurodance ,Track_27,0.0,0.0,0.0
C_0478,C_0478,Artist_28,Russian Pop / Эстрада / Russian Chanson,Track_28,0.0,1.0,0.0
C_0479,C_0479,Artist_29,Dance-pop / EDM / Electropop / Eurodance ,Track_29,0.0,1.0,0.0
C_0480,C_0480,Artist_00,Dance-pop / EDM / Electropop / Eurodance ,Track_30,0.0,1.0,0.0
C_0481,C_0481,Artist_01,Поп/R&B,Track_31,0.0,1.0,0.0
C_0482,C_0482,Artist_02,Хип-хоп / Поп-рэп / Рэп,Track_32,0.0,1.0,0.0
C_0483,C_0483,Artist_03,Хип-хоп / Поп-рэп / Рэп,Track_33,0.0,1.0,0.0
C_0484,C_0484,Artist_04,Поп/R&B,Track_34,0.0,1.0,0.0
C_0485,C_0485,Artist_05,Russian Pop / Эстрада / Russian Chanson,Track_35,0.0,1.0,0.0
C_0486,C_0486,Artist_06,Хип-хоп / Поп-рэп / Рэп,Track_36,0.0,0.0,0.0
C_0487,C_0487,Artist_07,Хип-хоп / Поп-рэп / Рэп,Track_37,1.0,1.0,0.0
C_0488,C_0488,Artist_08,Russian Pop / Эстрада / Russian Chanson,Track_38,0.0,1.0,0.0
C_0489,C_0489,Artist_09,Russian Pop / Эстрада / Russian Chanson,Track_39,1.0,1.0,0.0
C_0490,C_0490,Artist_10,Russian Pop / Эстрада / Russian Chanson,Track_40,0.0,1.0,0.0
C_0491,C_0491,Artist_11,Хип-хоп / Поп-рэп / Рэп,Track_41,0.0,1.0,0.0
C_0492,C_0492,Artist_12,Russian Pop / Эстрада / Russian Chanson,Track_42,0.0,1.0,0.0
C_0493,C_0493,Artist_13,Dance-pop / EDM / Electropop / Eurodance ,Track_43,0.0,1.0,0.0
C_0494,C_0494,Artist_14,Russian Pop / Эстрада / Russian Chanson,Track_44,0.0,1.0,0.0
C_0495,C_0495,Artist_15,Поп/R&B,Track_45,0.0,1.0,0.0
C_0496,C_0496,Artist_16,Поп/R&B,Track_46,0.0,1.0,0.0
C_0497,C_0497,Artist_17,Dance-pop / EDM / Electropop / Eurodance ,Track_47,0.0,0.0,0.0
C_0498,C_0498,Artist_18,Хип-хоп / Поп-рэп / Рэп,Track_48,0.0,1.0,0.0
C_0499,C_0499,Artist_19,Russian Pop / Эстрада / Russian Chanson,Track_49,0.0,0.0,0.0
C_0500,C_0500,Artist_20,Хип-хоп / Поп-рэп / Рэп,Track_00,0.0,1.0,0.0
C_0501,C_0501,Artist_21,Russian Pop / Эстрада / Russian Chanson,Track_01,0.0,1.0,0.0
C_0502,C_0502,Artist_22,Russian Pop / Эстрада / Russian Chanson,Track_02,0.0,1.0,0.0
C_0503,C_0503,Artist_23,Russian Pop / Эстрада / Russian Chanson,Track_03,1.0,0.0,0.0
C_0504,C_0504,Artist_24,Поп/R&B,Track_04,0.0,1.0,1.0
C_0505,C_0505,Artist_25,Поп/R&B,Track_05,1.0,1.0,0.0
C_0506,C_0506,Artist_26,Хип-хоп / Поп-рэп / Рэп,Track_06,0.0,1.0,0.0
C_0507,C_0507,Artist_27,Russian Pop / Эстрада / Russian Chanson,Track_07,0.0,1.0,0.0
C_0508,C_0508,Artist_28,Хип-хоп / Поп-рэп / Рэп,Track_08,0.0,1.0,0.0
C_0509,C_0509,Artist_29,Хип-хоп / Поп-рэп / Рэп,Track_09,0.0,1.0,0.0
